Municipality,Municipal code,Census code,Type,Population (2020),People per square mile (2020),Area,County,Longitude,Latitude,Atlas ID
Cape May Point Borough,0503,3400910330,Borough,305,1016,0.3,Cape May County,-74.965889,38.93713,0503
West Cape May Borough,0512,3400978530,Borough,1010,854,1.2,Cape May County,-74.937751,38.942571,0512
Cape May City,0502,3400910270,City,2768,960,2.9,Cape May County,-74.904614,38.940358,0502
Wildwood Crest Borough,0515,3400981200,Borough,3101,2094,1.5,Cape May County,-74.833998,38.972743,0515
West Wildwood Borough,0513,3400980210,Borough,540,1484,0.4,Cape May County,-74.824243,39.001424,0513
North Wildwood City,0507,3400953490,City,3621,1635,2.2,Cape May County,-74.792473,39.006911,0507
Lower Township,0505,3400941610,Township,22057,711,31,Cape May County,-74.898561,38.985426,0505
Stone Harbor Borough,0510,3400971010,Borough,796,277,2.9,Cape May County,-74.772291,39.04013,0510
Avalon Borough,0501,3400902320,Borough,1243,250,5,Cape May County,-74.739135,39.090368,0501
Sea Isle City,0509,3400966390,City,2104,763,2.8,Cape May County,-74.701726,39.150693,0509
Woodbine Borough,0516,3400981890,Borough,2128,265,8,Cape May County,-74.808333,39.231947,0516
Dennis Township,0504,3400917560,Township,6285,99,63.8,Cape May County,-74.884269,39.216008,0504
Ocean City,0508,3400954360,City,11229,952,11.8,Cape May County,-74.611706,39.258362,0508
Longport Borough,0115,3400141370,Borough,893,1503,0.6,Atlantic County,-74.526575,39.312025,0115
Upper Township,0511,3400974810,Township,12539,183,68.4,Cape May County,-74.714725,39.247204,0511
Corbin City,0106,3400115160,City,471,52,9,Atlantic County,-74.729526,39.30648,0106
Somers Point City,0121,3400168430,City,10469,2104,5,Atlantic County,-74.606802,39.316927,0121
Margate City,0116,3400143890,City,5317,3258,1.6,Atlantic County,-74.504386,39.33091,0116
Commercial Township,0602,3401114710,Township,4669,138,33.9,Cumberland County,-75.027556,39.279372,0602
Downe Township,0604,3401118220,Township,1399,26,53.2,Cumberland County,-75.141068,39.265441,0604
Ventnor City,0122,3400175620,City,9210,3613,2.5,Atlantic County,-74.484408,39.344567,0122
Linwood City,0114,3400140530,City,6971,1599,4.4,Atlantic County,-74.567646,39.344294,0114
Northfield City,0118,3400152950,City,8434,2332,3.6,Atlantic County,-74.552492,39.372298,0118
Lawrence Township,0608,3401139450,Township,3087,81,38.3,Cumberland County,-75.193163,39.337732,0608
Atlantic City,0102,3400102080,City,38497,2420,15.9,Atlantic County,-74.451954,39.380186,0102
Greenwich Township,0606,3401128170,Township,771,42,18.5,Cumberland County,-75.371218,39.386761,0606
Weymouth Township,0123,3400180330,Township,2614,215,12.2,Atlantic County,-74.824389,39.41032,0123
Estell Manor City,0109,3400121870,City,1668,30,55.2,Atlantic County,-74.787426,39.372699,0109
Millville City,0610,3401146680,City,27491,618,44.5,Cumberland County,-75.051119,39.389823,0610
Brigantine City,0103,3400107810,City,7716,721,10.7,Atlantic County,-74.38114,39.409856,0103
Bridgeton City,0601,3401107600,City,27263,4197,6.5,Cumberland County,-75.229263,39.42899,0601
Shiloh Borough,0611,3401167020,Borough,444,369,1.2,Cumberland County,-75.296589,39.459619,0611
Deerfield Township,0603,3401116900,Township,3136,186,16.9,Cumberland County,-75.139691,39.473008,0603
Hopewell Township,0607,3401133120,Township,4391,142,30.9,Cumberland County,-75.276845,39.452689,0607
Buena Borough,0104,3400108680,Borough,4501,594,7.6,Atlantic County,-74.943108,39.531059,0104
Port Republic City,0120,3400160600,City,1101,129,8.6,Atlantic County,-74.493866,39.528691,0120
Lower Alloways Creek Township,1705,3403341640,Township,1717,36,47.9,Salem County,-75.450115,39.467987,1705
Upper Deerfield Township,0613,3401174870,Township,7645,244,31.4,Cumberland County,-75.215101,39.495162,0613
Vineland City,0614,3401176070,City,60780,881,69,Cumberland County,-75.002108,39.473262,0614
Elsinboro Township,1704,3403321330,Township,1001,76,13.2,Salem County,-75.498707,39.53669,1704
Quinton Township,1712,3403361470,Township,2580,106,24.3,Salem County,-75.377113,39.524431,1712
Beach Haven Borough,1504,3402903940,Borough,1027,440,2.3,Ocean County,-74.242862,39.566259,1504
Salem City,1713,3403365490,City,5296,1924,2.8,Salem County,-75.469752,39.569077,1713
Hamilton Township,0112,3400129280,Township,27484,243,112.9,Atlantic County,-74.751866,39.503103,0112
Buena Vista Township,0105,3400108710,Township,7033,169,41.6,Atlantic County,-74.89844,39.510929,0105
Elmer Borough,1703,3403321240,Borough,1347,1484,0.9,Salem County,-75.173232,39.59406,1703
Alloway Township,1701,3403300880,Township,3283,97,33.9,Salem County,-75.308624,39.548644,1701
Tuckerton Borough,1533,3402974210,Borough,3577,971,3.7,Ocean County,-74.330091,39.596272,1533
Folsom Borough,0110,3400123940,Borough,1811,213,8.5,Atlantic County,-74.847451,39.596381,0110
Ship Bottom Borough,1529,3402967110,Borough,1098,1120,1,Ocean County,-74.181801,39.645895,1529
Woodstown Borough,1715,3403382720,Borough,3678,2276,1.6,Salem County,-75.325608,39.646657,1715
Upper Pittsgrove Township,1714,3403375110,Township,3432,85,40.4,Salem County,-75.195665,39.60564,1714
Surf City Borough,1532,3402971640,Borough,1243,959,1.3,Ocean County,-74.171622,39.664132,1532
Mannington Township,1706,3403343200,Township,1475,39,37.9,Salem County,-75.39818,39.617743,1706
Long Beach Township,1518,3402941250,Township,3153,134,23.5,Ocean County,-74.229576,39.606765,1518
Pennsville Township,1709,3403357870,Township,12684,511,24.8,Salem County,-75.516262,39.633998,1709
Harvey Cedars Borough,1510,3402930390,Borough,391,295,1.3,Ocean County,-74.1426,39.700191,1510
Pilesgrove Township,1710,3403358530,Township,4183,119,35.1,Salem County,-75.285516,39.651247,1710
Penns Grove Borough,1708,3403357750,Borough,4837,5420,0.9,Salem County,-75.467911,39.728454,1708
Chesilhurst Borough,0410,3400712550,Borough,1536,891,1.7,Camden County,-74.87727,39.731859,0410
Barnegat Light Borough,1502,3402903130,Borough,640,504,1.3,Ocean County,-74.107672,39.753453,1502
Bass River Township,0301,3400503370,Township,1355,17,78.3,Burlington County,-74.458985,39.65725,0301
Washington Township,0336,3400577150,Township,693,7,104.8,Burlington County,-74.591404,39.664683,0336
Winslow Township,0436,3400781740,Township,39907,685,58.2,Camden County,-74.882082,39.696612,0436
Oldmans Township,1707,3403354810,Township,1910,95,20,Salem County,-75.409754,39.734563,1707
Waterford Township,0435,3400777630,Township,10421,288,36.2,Camden County,-74.801012,39.73197,0435
Pine Hill Borough,0428,3400758770,Borough,10764,2186,4.9,Camden County,-74.980414,39.786349,0428
Berlin Borough,0405,3400705440,Borough,7489,2071,3.6,Camden County,-74.937091,39.792733,0405
Clementon Borough,0411,3400713420,Borough,5338,2736,2,Camden County,-74.98462,39.804037,0411
Laurel Springs Borough,0420,3400739210,Borough,1978,4288,0.5,Camden County,-75.004547,39.821696,0420
Barnegat Township,1501,3402903050,Township,24296,603,40.3,Ocean County,-74.271685,39.763294,1501
Ocean Township,1521,3402954300,Township,8835,279,31.6,Ocean County,-74.213066,39.791949,1521
Lindenwold Borough,0422,3400740440,Borough,21641,5487,3.9,Camden County,-74.979902,39.818211,0422
Stratford Borough,0432,3400771220,Borough,6981,4436,1.6,Camden County,-75.017514,39.830322,0432
Shamong Township,0332,3400566810,Township,6460,143,45,Burlington County,-74.73068,39.782505,0332
Hi-Nella Borough,0419,3400732220,Borough,927,4104,0.2,Camden County,-75.020448,39.837222,0419
Logan Township,0809,3401541160,Township,6000,228,26.3,Gloucester County,-75.347621,39.794483,0809
Gibbsboro Borough,0413,3400726070,Borough,2189,995,2.2,Camden County,-74.966034,39.83148,0413
Somerdale Borough,0431,3400768340,Borough,5566,4005,1.4,Camden County,-75.02475,39.846858,0431
Runnemede Borough,0430,3400765160,Borough,8324,3954,2.1,Camden County,-75.071553,39.85129,0430
Magnolia Borough,0423,3400742630,Borough,4352,4447,1,Camden County,-75.035581,39.856892,0423
Medford Lakes Borough,0321,3400545210,Borough,4264,3362,1.3,Burlington County,-74.795117,39.858065,0321
Bellmawr Borough,0404,3400704750,Borough,11707,3778,3.1,Camden County,-75.089142,39.865809,0404
Tabernacle Township,0335,3400572060,Township,6776,137,49.6,Burlington County,-74.654981,39.814019,0335
Lawnside Borough,0421,3400739420,Borough,2955,2067,1.4,Camden County,-75.030571,39.868904,0421
Tavistock Borough,0433,3400772240,Borough,9,33,0.3,Camden County,-75.027432,39.876797,0433
Barrington Borough,0403,3400703250,Borough,7075,4475,1.6,Camden County,-75.054916,39.868603,0403
Brooklawn Borough,0407,3400708170,Borough,1815,3419,0.5,Camden County,-75.120201,39.87854,0407
Haddon Heights Borough,0418,3400728800,Borough,7495,4769,1.6,Camden County,-75.066492,39.879653,0418
Mount Ephraim Borough,0425,3400748750,Borough,4651,5113,0.9,Camden County,-75.091712,39.881216,0425
Audubon Park Borough,0402,3400702230,Borough,991,6026,0.2,Camden County,-75.088081,39.897167,0402
Audubon Borough,0401,3400702200,Borough,8707,5833,1.5,Camden County,-75.072749,39.891821,0401
Gloucester City,0414,3400726820,City,11484,4146,2.8,Camden County,-75.119184,39.893247,0414
Oaklyn Borough,0426,3400753880,Borough,3930,5601,0.7,Camden County,-75.085239,39.902512,0426
Haddonfield Borough,0417,3400728770,Borough,12550,4416,2.8,Camden County,-75.037966,39.894508,0417
Berlin Township,0406,3400705470,Township,5867,1757,3.3,Camden County,-74.923923,39.803484,0406
Woodlynne Borough,0437,3400782450,Borough,2902,13105,0.2,Camden County,-75.096112,39.917318,0437
Woodland Township,0339,3400582420,Township,1544,16,94.4,Burlington County,-74.5176,39.836779,0339
Haddon Township,0416,3400728740,Township,15407,5452,2.8,Camden County,-75.053492,39.908137,0416
Ocean Gate Borough,1522,3402954450,Borough,1932,3561,0.5,Ocean County,-74.13368,39.927428,1522
Seaside Park Borough,1528,3402966480,Borough,1436,1324,1.1,Ocean County,-74.079437,39.925452,1528
Lacey Township,1513,3402937380,Township,28655,288,99.7,Ocean County,-74.293902,39.868246,1513
Pine Beach Borough,1523,3402958590,Borough,2139,3287,0.7,Ocean County,-74.169401,39.935506,1523
Beachwood Borough,1505,3402904180,Borough,10859,3916,2.8,Ocean County,-74.205269,39.929936,1505
South Toms River Borough,1530,3402969510,Borough,3643,2952,1.2,Ocean County,-74.210581,39.940131,1530
Island Heights Borough,1511,3402934530,Borough,1650,1831,0.9,Ocean County,-74.145124,39.94302,1511
Cherry Hill Township,0409,3400712280,Township,74553,3083,24.2,Camden County,-74.989685,39.906812,0409
Seaside Heights Borough,1527,3402966450,Borough,2440,3289,0.7,Ocean County,-74.078213,39.94564,1527
Merchantville Borough,0424,3400745510,Borough,3820,6396,0.6,Camden County,-75.049347,39.951561,0424
Maple Shade Township,0319,3400543740,Township,19980,5217,3.8,Burlington County,-74.994337,39.950123,0319
Pemberton Borough,0328,3400557480,Borough,1371,2178,0.6,Burlington County,-74.685266,39.971631,0328
Lavallette Borough,1516,3402939390,Borough,1787,1707,1,Ocean County,-74.070213,39.97071,1516
Southampton Township,0333,3400568610,Township,10317,232,44.4,Burlington County,-74.718447,39.92221,0333
Berkeley Township,1506,3402905305,Township,43754,808,54.1,Ocean County,-74.148801,39.873975,1506
Lumberton Township,0317,3400542060,Township,12803,984,13,Burlington County,-74.796674,39.95972,0317
Hainesport Township,0316,3400529010,Township,6035,889,6.8,Burlington County,-74.838306,39.971368,0316
Mount Laurel Township,0324,3400549020,Township,44633,2030,22,Burlington County,-74.897207,39.959758,0324
Pemberton Township,0329,3400557510,Township,26903,429,62.8,Burlington County,-74.592761,39.955005,0329
Mount Holly Township,0323,3400548900,Township,9981,3477,2.9,Burlington County,-74.78876,39.996115,0323
Moorestown Township,0322,3400547880,Township,21355,1427,15,Burlington County,-74.954762,39.974622,0322
Palmyra Borough,0327,3400555800,Borough,7438,2867,2.6,Burlington County,-75.032582,40.003473,0327
Lakehurst Borough,1514,3402937770,Borough,2636,2671,1,Ocean County,-74.317909,40.012798,1514
Riverton Borough,0331,3400563660,Borough,2764,2976,0.9,Burlington County,-75.015692,40.011418,0331
Eastampton Township,0311,3400518790,Township,6191,1064,5.8,Burlington County,-74.753516,40.003421,0311
Cinnaminson Township,0308,3400512940,Township,17064,2145,8,Burlington County,-74.988454,40.001858,0308
Wrightstown Borough,0340,3400582960,Borough,720,390,1.8,Burlington County,-74.637382,40.025598,0340
Delran Township,0310,3400517440,Township,17882,2467,7.2,Burlington County,-74.942821,40.017149,0310
Westampton Township,0337,3400578200,Township,9121,822,11.1,Burlington County,-74.81928,40.019015,0337
Riverside Township,0330,3400563510,Township,8003,4891,1.6,Burlington County,-74.953333,40.034386,0330
Manchester Township,1519,3402943140,Township,45115,547,82.4,Ocean County,-74.396523,39.963247,1519
Willingboro Township,0338,3400581440,Township,31889,3929,8.1,Burlington County,-74.891057,40.027913,0338
Toms River Township,1508,3402973125,Township,95438,1812,52.7,Ocean County,-74.151128,39.996466,1508
Delanco Township,0309,3400517080,Township,4824,1448,3.3,Burlington County,-74.952264,40.048771,0309
Beverly City,0302,3400505740,City,2499,3284,0.8,Burlington County,-74.921772,40.065366,0302
Edgewater Park Township,0312,3400520050,Township,8930,2896,3.1,Burlington County,-74.912744,40.053471,0312
Springfield Township,0334,3400569990,Township,3245,110,29.6,Burlington County,-74.705703,40.034563,0334
Bay Head Borough,1503,3402903520,Borough,930,1248,0.7,Ocean County,-74.046107,40.069016,1503
Point Pleasant Borough,1525,3402959880,Borough,18941,4500,4.2,Ocean County,-74.073363,40.078586,1525
Burlington City,0305,3400508920,City,9743,2579,3.8,Burlington County,-74.851675,40.081996,0305
Point Pleasant Beach Borough,1526,3402959910,Borough,4766,2550,1.9,Ocean County,-74.046188,40.090904,1526
Lakewood Township,1515,3402938550,Township,135158,5386,25.1,Ocean County,-74.206319,40.069559,1515
Burlington Township,0306,3400508950,Township,23983,1704,14.1,Burlington County,-74.886915,40.072691,0306
Brielle Borough,1309,3402507750,Borough,4982,2211,2.3,Monmouth County,-74.063984,40.105001,1309
Mansfield Township,0318,3400543290,Township,8897,406,21.9,Burlington County,-74.713215,40.089312,0318
Florence Township,0315,3400523850,Township,12812,1253,10.2,Burlington County,-74.785151,40.089873,0315
Plumsted Township,1524,3402959790,Township,8072,204,39.5,Ocean County,-74.490552,40.050795,1524
Brick Township,1507,3402907420,Township,73620,2271,32.4,Ocean County,-74.122606,40.069264,1507
North Hanover Township,0326,3400553070,Township,7963,455,17.5,Burlington County,-74.586441,40.089008,0326
Sea Girt Borough,1343,3402566330,Borough,1866,1671,1.1,Monmouth County,-74.035582,40.128796,1343
Fieldsboro Borough,0314,3400523250,Borough,526,1487,0.4,Burlington County,-74.731254,40.136757,0314
Bordentown City,0303,3400506670,City,3993,4138,1,Burlington County,-74.709973,40.148976,0303
Spring Lake Heights Borough,1348,3402570140,Borough,4890,3738,1.3,Monmouth County,-74.043898,40.149709,1348
Chesterfield Township,0307,3400512670,Township,9422,439,21.5,Burlington County,-74.650736,40.112112,0307
Spring Lake Borough,1347,3402570110,Borough,2789,1887,1.5,Monmouth County,-74.027776,40.153738,1347
Jackson Township,1512,3402934680,Township,58544,582,100.6,Ocean County,-74.355625,40.085698,1512
Lake Como Borough,1346,3402537560,Borough,1697,6731,0.3,Monmouth County,-74.025287,40.171602,1346
Bordentown Township,0304,3400506700,Township,11791,1273,9.3,Burlington County,-74.691459,40.148411,0304
Allentown Borough,1303,3402500760,Borough,1734,2802,0.6,Monmouth County,-74.588101,40.178516,1303
Belmar Borough,1307,3402504930,Borough,5907,3974,1.5,Monmouth County,-74.026862,40.178033,1307
Avon-by-the-Sea Borough,1306,3402502440,Borough,1933,3889,0.5,Monmouth County,-74.015987,40.191193,1306
Farmingdale Borough,1315,3402522950,Borough,1504,2858,0.5,Monmouth County,-74.171001,40.197544,1315
Neptune City Borough,1336,3402549920,Borough,4626,5181,0.9,Monmouth County,-74.030103,40.198793,1336
Upper Freehold Township,1351,3402574900,Township,7273,154,47.4,Monmouth County,-74.526577,40.146232,1351
Asbury Park City,1304,3402501960,City,15188,9955,1.5,Monmouth County,-74.011705,40.222249,1304
Loch Arbour Village,1326,3402541010,Village,224,1938,0.1,Monmouth County,-74.00156,40.232199,1326
Roosevelt Borough,1340,3402564410,Borough,808,415,1.9,Monmouth County,-74.473453,40.221467,1340
Allenhurst Borough,1302,3402500730,Borough,472,1811,0.3,Monmouth County,-74.001326,40.236501,1302
Interlaken Borough,1322,3402534200,Borough,828,2081,0.4,Monmouth County,-74.016648,40.235288,1322
Trenton City,1111,3402174000,City,90871,11039,8.2,Mercer County,-74.751757,40.216152,1111
Howell Township,1321,3402533300,Township,53537,875,61.2,Monmouth County,-74.204216,40.179589,1321
Deal Borough,1311,3402516660,Borough,900,747,1.2,Monmouth County,-73.997193,40.250279,1311
Robbinsville Township,1112,3402163850,Township,15476,752,20.6,Mercer County,-74.589072,40.221539,1112
Hamilton Township,1103,3402129310,Township,92297,2293,40.3,Mercer County,-74.679029,40.203705,1103
Freehold Borough,1316,3402525200,Borough,12538,6494,1.9,Monmouth County,-74.27662,40.2624,1316
Millstone Township,1333,3402546560,Township,10376,279,37.2,Monmouth County,-74.417701,40.204749,1333
Ocean Township,1337,3402554270,Township,27672,2519,11,Monmouth County,-74.039294,40.250661,1337
Hightstown Borough,1104,3402131620,Borough,5900,4663,1.3,Mercer County,-74.525947,40.267963,1104
Ewing Township,1102,3402122185,Township,37264,2394,15.6,Mercer County,-74.7995,40.262053,1102
Freehold Township,1317,3402525230,Township,35369,910,38.9,Monmouth County,-74.286527,40.234695,1317
East Windsor Township,1101,3402119780,Township,30045,1919,15.7,Mercer County,-74.550143,40.258897,1101
Englishtown Borough,1313,3402521570,Borough,2346,3969,0.6,Monmouth County,-74.362398,40.297364,1313
West Long Branch Borough,1353,3402579310,Borough,8587,2970,2.9,Monmouth County,-74.018722,40.288582,1353
Eatontown Borough,1312,3402519840,Borough,13597,2308,5.9,Monmouth County,-74.057124,40.292784,1312
Shrewsbury Township,1345,3402567365,Township,1076,10975,0.1,Monmouth County,-74.071321,40.312573,1345
Long Branch City,1327,3402541310,City,31667,5781,5.5,Monmouth County,-73.992258,40.294981,1327
Pennington Borough,1108,3402157600,Borough,2802,2875,1,Mercer County,-74.790766,40.325969,1108
Tinton Falls Borough,1349,3402573020,Borough,19181,1229,15.6,Monmouth County,-74.087308,40.271732,1349
Shrewsbury Borough,1344,3402567350,Borough,4184,1922,2.2,Monmouth County,-74.05781,40.324872,1344
Cranbury Township,1202,3402315550,Township,3842,286,13.4,Middlesex County,-74.526592,40.308407,1202
Oceanport Borough,1338,3402554570,Borough,6150,1502,4.1,Monmouth County,-74.018602,40.320416,1338
West Windsor Township,1113,3402180240,Township,29518,1124,26.3,Mercer County,-74.625175,40.292351,1113
Manalapan Township,1328,3402542990,Township,40905,1325,30.9,Monmouth County,-74.352887,40.276243,1328
Colts Neck Township,1310,3402514560,Township,9957,314,31.8,Monmouth County,-74.165015,40.297391,1310
Monmouth Beach Borough,1334,3402547130,Borough,3174,1610,2,Monmouth County,-73.985907,40.335747,1334
Little Silver Borough,1325,3402540770,Borough,6131,1928,3.2,Monmouth County,-74.034626,40.336585,1325
Lawrence Township,1107,3402139510,Township,33077,1505,22,Mercer County,-74.719123,40.298724,1107
Jamesburg Borough,1208,3402334890,Borough,5783,6490,0.9,Middlesex County,-74.442189,40.352014,1208
Red Bank Borough,1339,3402562430,Borough,12936,5988,2.2,Monmouth County,-74.06488,40.350141,1339
Plainsboro Township,1218,3402359280,Township,24084,1989,12.1,Middlesex County,-74.585096,40.332378,1218
Fair Haven Borough,1314,3402522440,Borough,6269,3003,2.1,Monmouth County,-74.038634,40.361617,1314
Rumson Borough,1341,3402565130,Borough,7343,1036,7.1,Monmouth County,-73.998227,40.360934,1341
Lambertville City,1017,3401938610,City,4139,3384,1.2,Hunterdon County,-74.943813,40.370522,1017
Helmetta Borough,1206,3402330840,Borough,2455,2799,0.9,Middlesex County,-74.422723,40.376606,1206
Princeton,1114,3402160900,Borough,30681,1666,18.4,Mercer County,-74.667722,40.348321,1114
Marlboro Township,1330,3402544070,Township,41502,1364,30.4,Monmouth County,-74.269991,40.336681,1330
Hopewell Borough,1105,3402133150,Borough,1918,2647,0.7,Mercer County,-74.762018,40.390331,1105
Sea Bright Borough,1342,3402566240,Borough,1449,1186,1.2,Monmouth County,-73.974145,40.37292,1342
Rocky Hill Borough,1817,3403564320,Borough,743,1197,0.6,Somerset County,-74.639648,40.40043,1817
Spotswood Borough,1224,3402369810,Borough,8163,3371,2.4,Middlesex County,-74.392043,40.394009,1224
Stockton Borough,1023,3401970980,Borough,495,808,0.6,Hunterdon County,-74.9754,40.405763,1023
Hopewell Township,1106,3402133180,Township,17491,297,58.9,Mercer County,-74.789366,40.352594,1106
West Amwell Township,1026,3401978230,Township,3005,138,21.9,Hunterdon County,-74.887346,40.382267,1026
Holmdel Township,1320,3402532640,Township,17400,963,18.1,Monmouth County,-74.175899,40.375523,1320
Matawan Borough,1331,3402544520,Borough,9565,3970,2.4,Monmouth County,-74.238829,40.410729,1331
South Brunswick Township,1221,3402368790,Township,47043,1147,41,Middlesex County,-74.520626,40.38484,1221
Keyport Borough,1324,3402536810,Borough,7204,4969,1.4,Monmouth County,-74.202126,40.435054,1324
Middletown Township,1332,3402545990,Township,67106,1541,43.5,Monmouth County,-74.078549,40.382131,1332
Hazlet Township,1318,3402530690,Township,20125,3550,5.7,Monmouth County,-74.164613,40.426787,1318
Keansburg Borough,1323,3402536480,Borough,9755,8042,1.2,Monmouth County,-74.127737,40.446189,1323
Union Beach Borough,1350,3402574540,Borough,5723,3044,1.9,Monmouth County,-74.173236,40.448017,1350
Milltown Borough,1211,3402346620,Borough,7037,4410,1.6,Middlesex County,-74.435512,40.448862,1211
Old Bridge Township,1215,3402354705,Township,66876,1729,38.7,Middlesex County,-74.322146,40.394431,1215
South River Borough,1223,3402369420,Borough,16118,5508,2.9,Middlesex County,-74.379749,40.446882,1223
Montgomery Township,1813,3403547580,Township,23690,729,32.5,Somerset County,-74.686345,40.42342,1813
North Brunswick Township,1214,3402352560,Township,43905,3575,12.3,Middlesex County,-74.489275,40.445647,1214
East Brunswick Township,1204,3402319000,Township,49715,2219,22.4,Middlesex County,-74.428644,40.429497,1204
East Amwell Township,1008,3401918820,Township,3917,137,28.6,Hunterdon County,-74.830117,40.434956,1008
South Amboy City,1220,3402368550,City,9411,4766,2,Middlesex County,-74.283425,40.484397,1220
Millstone Borough,1812,3403546590,Borough,448,646,0.7,Somerset County,-74.593751,40.50084,1812
New Brunswick City,1213,3402351210,City,55266,9595,5.8,Middlesex County,-74.447519,40.48829,1213
Sayreville Borough,1219,3402365790,Borough,45345,2579,17.6,Middlesex County,-74.318836,40.462993,1219
Flemington Borough,1009,3401923700,Borough,4876,4521,1.1,Hunterdon County,-74.860387,40.50924,1009
Delaware Township,1007,3401917170,Township,4560,123,37,Hunterdon County,-74.941429,40.448068,1007
Frenchtown Borough,1011,3401925350,Borough,1370,1116,1.2,Hunterdon County,-75.056788,40.527483,1011
Perth Amboy City,1216,3402358200,City,55436,10713,5.2,Middlesex County,-74.273409,40.518594,1216
Franklin Township,1808,3403524900,Township,68364,1459,46.9,Somerset County,-74.542361,40.464206,1808
Manville Borough,1811,3403543620,Borough,10953,4472,2.4,Somerset County,-74.586521,40.542283,1811
South Bound Brook Borough,1819,3403568730,Borough,4863,6576,0.7,Somerset County,-74.526948,40.552287,1819
Hillsborough Township,1810,3403531890,Township,43276,785,55.1,Somerset County,-74.69408,40.497035,1810
Milford Borough,1020,3401946260,Borough,1232,965,1.3,Hunterdon County,-75.089411,40.567181,1020
Raritan Township,1021,3401961920,Township,23447,623,37.6,Hunterdon County,-74.899434,40.510357,1021
Somerville Borough,1818,3403568460,Borough,12346,5264,2.3,Somerset County,-74.606101,40.568618,1818
Bound Brook Borough,1804,3403506790,Borough,11988,7073,1.7,Somerset County,-74.540285,40.568565,1804
Raritan Borough,1816,3403561980,Borough,7835,3864,2,Somerset County,-74.641837,40.571761,1816
Piscataway Township,1217,3402359010,Township,60804,3208,19,Middlesex County,-74.474828,40.551652,1217
South Plainfield Borough,1222,3402369390,Borough,24338,2922,8.3,Middlesex County,-74.413866,40.572498,1222
Carteret Borough,1201,3402310750,Borough,25326,5620,4.5,Middlesex County,-74.232478,40.58165,1201
Rahway City,2013,3403961530,City,29556,7312,4,Union County,-74.280975,40.610753,2013
Franklin Township,1010,3401924870,Township,3267,141,23.2,Hunterdon County,-74.932331,40.567381,1010
Green Brook Township,1809,3403527510,Township,7281,1650,4.4,Somerset County,-74.479157,40.60772,1809
Winfield Township,2021,3403981650,Township,1423,7924,0.2,Union County,-74.289,40.634295,2021
Clark Township,2002,3403913150,Township,15544,3490,4.5,Union County,-74.307102,40.622051,2002
Holland Township,1015,3401932460,Township,5177,216,23.9,Hunterdon County,-75.123838,40.598025,1015
North Plainfield Borough,1814,3403553280,Borough,22808,8087,2.8,Somerset County,-74.437038,40.621791,1814
Plainfield City,2012,3403959190,City,54586,9148,6,Union County,-74.407826,40.619578,2012
Clinton Town,1005,3401913720,Town,2773,1933,1.4,Hunterdon County,-74.91459,40.634696,1005
Alexandria Township,1001,3401900550,Township,4809,173,27.7,Hunterdon County,-75.012829,40.591417,1001
Bridgewater Township,1806,3403507720,Township,45977,1421,32.4,Somerset County,-74.603894,40.595958,1806
Lebanon Borough,1018,3401939630,Borough,1665,1847,0.9,Hunterdon County,-74.833052,40.641462,1018
Fanwood Borough,2005,3403922860,Borough,7774,5803,1.3,Union County,-74.386678,40.641932,2005
Linden City,2009,3403940350,City,43738,3953,11.1,Union County,-74.240161,40.624382,2009
Garwood Borough,2006,3403925800,Borough,4454,6856,0.6,Union County,-74.32488,40.650205,2006
Roselle Borough,2014,3403964620,Borough,22695,8580,2.6,Union County,-74.260911,40.650376,2014
Bloomsbury Borough,1003,3401906370,Borough,792,802,1,Hunterdon County,-75.084598,40.652341,1003
Roselle Park Borough,2015,3403964650,Borough,13967,11407,1.2,Union County,-74.265239,40.66546,2015
Warren Township,1820,3403576940,Township,15923,811,19.6,Somerset County,-74.522653,40.630266,1820
Alpha Borough,2102,3404101030,Borough,2328,1357,1.7,Warren County,-75.160596,40.657307,2102
Cranford Township,2003,3403915640,Township,23847,4896,4.9,Union County,-74.299755,40.655862,2003
Union Township,1025,3401974420,Township,6507,316,20.6,Hunterdon County,-74.983163,40.631709,1025
High Bridge Borough,1014,3401931320,Borough,3546,1459,2.4,Hunterdon County,-74.893039,40.666305,1014
Westfield Town,2020,3403979040,Town,31032,4603,6.7,Union County,-74.350031,40.652836,2020
Kenilworth Borough,2008,3403936690,Borough,8427,3919,2.2,Union County,-74.290137,40.677821,2008
Elizabeth City,2004,3403921000,City,137298,9869,13.9,Union County,-74.191402,40.662245,2004
Clinton Township,1006,3401913750,Township,13505,398,33.9,Hunterdon County,-74.850196,40.633566,1006
Berkeley Heights Township,2001,3403905320,Township,13285,2124,6.3,Union County,-74.422456,40.676635,2001
Mountainside Borough,2010,3403948510,Borough,7020,1738,4,Union County,-74.357015,40.682093,2010
Bayonne City,0901,3401703580,City,71686,9325,7.7,Hudson County,-74.111601,40.672367,0901
Bethlehem Township,1002,3401905650,Township,3745,180,20.8,Hunterdon County,-75.010344,40.668558,1002
Glen Gardner Borough,1012,3401926550,Borough,1682,1087,1.5,Hunterdon County,-74.939425,40.700823,1012
New Providence Borough,2011,3403951810,Borough,13650,3680,3.7,Union County,-74.40547,40.698568,2011
Springfield Township,2017,3403970020,Township,17178,3321,5.2,Union County,-74.332489,40.698537,2017
Hampton Borough,1013,3401929460,Borough,1438,948,1.5,Hunterdon County,-74.964428,40.709101,1013
Greenwich Township,2107,3404128260,Township,5473,517,10.6,Warren County,-75.118864,40.68368,2107
Union Township,2019,3403974480,Township,59728,6575,9.1,Union County,-74.275478,40.696189,2019
Lopatcong Township,2115,3404141490,Township,8776,1189,7.4,Warren County,-75.151717,40.702717,2115
Far Hills Borough,1807,3403522890,Borough,924,188,4.9,Somerset County,-74.630492,40.697772,1807
Bedminster Township,1801,3403504450,Township,8272,314,26.4,Somerset County,-74.677814,40.673123,1801
Califon Borough,1004,3401909280,Borough,1005,1026,1,Hunterdon County,-74.835555,40.720496,1004
Summit City,2018,3403971430,City,22719,3766,6,Union County,-74.362484,40.713984,2018
Peapack-Gladstone Borough,1815,3403557300,Borough,2558,443,5.8,Somerset County,-74.658874,40.717852,1815
Tewksbury Township,1024,3401972510,Township,5870,185,31.8,Hunterdon County,-74.778461,40.684097,1024
Bernardsville Borough,1803,3403505590,Borough,7893,611,12.9,Somerset County,-74.597193,40.72534,1803
Hoboken City,0905,3401732250,City,60419,48445,1.2,Hudson County,-74.031307,40.746158,0905
Maplewood Township,0711,3401343800,Township,25684,6642,3.9,Essex County,-74.276684,40.736934,0711
Millburn Township,0712,3401346380,Township,21710,2192,9.9,Essex County,-74.325828,40.737025,0712
South Orange Village,0719,3401369274,Village,18484,6501,2.8,Essex County,-74.258836,40.749131,0719
Kearny Town,0907,3401736510,Town,41999,4122,10.2,Hudson County,-74.110239,40.748104,0907
Lebanon Township,1019,3401939660,Township,6195,196,31.7,Hunterdon County,-74.897475,40.728298,1019
East Orange City,0705,3401319390,City,69612,17722,3.9,Essex County,-74.207129,40.76577,0705
City of Orange Township,0717,3401313045,City,34447,15551,2.2,Essex County,-74.231262,40.77107,0717
West New York Town,0912,3401779610,Town,52912,53227,1,Hudson County,-74.011437,40.787294,0912
North Arlington Borough,0239,3400352320,Borough,16457,6504,2.5,Bergen County,-74.130287,40.788356,0239
Belleville Township,0701,3401304695,Township,38222,11346,3.4,Essex County,-74.161753,40.792093,0701
Livingston Township,0710,3401340890,Township,31330,2219,14.1,Essex County,-74.328581,40.78769,0710
Lyndhurst Township,0232,3400342090,Township,22519,4535,5,Bergen County,-74.099661,40.792075,0232
West Orange Township,0722,3401379800,Township,48843,4029,12.1,Essex County,-74.255975,40.792309,0722
Glen Ridge Borough,0708,3401326610,Borough,7802,6121,1.3,Essex County,-74.201816,40.807386,0708
Oxford Township,2117,3404155530,Township,2444,403,6.1,Warren County,-74.999282,40.806935,2117
Essex Fells Borough,0706,3401321840,Borough,2244,1587,1.4,Essex County,-74.280217,40.824965,0706
Nutley Township,0716,3401353680,Township,30143,8811,3.4,Essex County,-74.154304,40.820948,0716
Roseland Borough,0718,3401364590,Borough,6299,1729,3.6,Essex County,-74.311036,40.822633,0718
Belvidere Town,2103,3404104990,Town,2520,1696,1.5,Warren County,-75.071816,40.828929,2103
Rutherford Borough,0256,3400365280,Borough,18834,6517,2.9,Bergen County,-74.105258,40.817209,0256
Ridgefield Borough,0249,3400362910,Borough,11501,4030,2.9,Bergen County,-74.01283,40.829922,0249
Caldwell Borough,0703,3401309250,Borough,9027,7622,1.2,Essex County,-74.276,40.83892,0703
Bloomfield Township,0702,3401306260,Township,53105,9901,5.4,Essex County,-74.186054,40.808129,0702
Verona Township,0720,3401375815,Township,14572,5173,2.8,Essex County,-74.241045,40.832022,0720
Carlstadt Borough,0205,3400310480,Borough,6372,1516,4.2,Bergen County,-74.061191,40.82828,0205
East Rutherford Borough,0212,3400319510,Borough,10022,2478,4,Bergen County,-74.083045,40.820476,0212
Moonachie Borough,0237,3400347700,Borough,3133,1798,1.7,Bergen County,-74.060661,40.842203,0237
Palisades Park Borough,0245,3400355770,Borough,20292,15821,1.3,Bergen County,-73.994663,40.844294,0245
Little Ferry Borough,0230,3400340680,Borough,10987,6570,1.7,Bergen County,-74.037651,40.843681,0230
Montclair Township,0713,3401347500,Township,40921,6554,6.2,Essex County,-74.212425,40.824745,0713
Wallington Borough,0265,3400376490,Borough,11868,11329,1,Bergen County,-74.107961,40.852579,0265
Wood-Ridge Borough,0269,3400382570,Borough,10137,9151,1.1,Bergen County,-74.089259,40.851269,0269
West Caldwell Township,0721,3401378510,Township,11012,2156,5.1,Essex County,-74.294193,40.84885,0721
Ridgefield Park Village,0250,3400362940,Village,13224,6882,1.9,Bergen County,-74.018302,40.854081,0250
Fort Lee Borough,0219,3400324420,Borough,40191,16014,2.5,Bergen County,-73.972651,40.848226,0219
South Hackensack Township,0259,3400368970,Township,2701,3629,0.7,Bergen County,-74.040482,40.829343,0259
Hasbrouck Heights Borough,0225,3400330420,Borough,12125,7924,1.5,Bergen County,-74.07611,40.861624,0225
Passaic City,1607,3403156550,City,70537,21776,3.2,Passaic County,-74.132445,40.855485,1607
Leonia Borough,0229,3400340020,Borough,9304,5713,1.6,Bergen County,-73.989641,40.86363,0229
Cedar Grove Township,0704,3401311200,Township,12980,2978,4.4,Essex County,-74.227277,40.857003,0704
North Caldwell Borough,0715,3401352620,Borough,6694,2180,3.1,Essex County,-74.258133,40.859121,0715
Hackettstown Town,2108,3404128710,Town,10248,2762,3.7,Warren County,-74.8244,40.8562,2108
Bogota Borough,0204,3400306490,Borough,8778,10981,0.8,Bergen County,-74.029363,40.874712,0204
Little Falls Township,1605,3403140620,Township,13360,4646,2.9,Passaic County,-74.217389,40.876497,1605
Garfield City,0221,3400325770,City,32655,14902,2.2,Bergen County,-74.107029,40.877699,0221
Lodi Borough,0231,3400341100,Borough,26206,11441,2.3,Bergen County,-74.080991,40.87829,0231
Liberty Township,2114,3404140110,Township,2670,224,11.9,Warren County,-74.95391,40.867772,2114
Englewood Cliffs Borough,0216,3400321510,Borough,5342,2566,2.1,Bergen County,-73.949897,40.883692,0216
Fairfield Township,0707,3401322385,Township,7872,761,10.3,Essex County,-74.299618,40.877329,0707
Byram Township,1904,3403709160,Township,8028,353,22.7,Sussex County,-74.718868,40.960105,1904
Hackensack City,0223,3400328680,City,46030,10599,4.3,Bergen County,-74.049116,40.886182,0223
Englewood City,0215,3400321480,City,29308,5925,4.9,Bergen County,-73.974963,40.890073,0215
Teaneck Township,0260,3400372360,Township,41246,6611,6.2,Bergen County,-74.015595,40.888601,0260
Maywood Borough,0234,3400344880,Borough,10080,7825,1.3,Bergen County,-74.064052,40.902285,0234
Rochelle Park Township,0254,3400363990,Township,5814,5671,1,Bergen County,-74.076377,40.905864,0254
Saddle Brook Township,0257,3400365340,Township,14294,5204,2.7,Bergen County,-74.093741,40.902869,0257
Elmwood Park Borough,0211,3400321300,Borough,21422,7830,2.7,Bergen County,-74.11944,40.906011,0211
Totowa Borough,1612,3403173140,Borough,11065,2713,4.1,Passaic County,-74.225157,40.903787,1612
Stanhope Borough,1919,3403770380,Borough,3526,1682,2.1,Sussex County,-74.701421,40.912367,1919
Independence Township,2112,3404133930,Township,5469,274,20,Warren County,-74.875382,40.882645,2112
Tenafly Borough,0261,3400372420,Borough,15409,3382,4.6,Bergen County,-73.95571,40.918493,0261
Bergenfield Borough,0203,3400305170,Borough,28321,9744,2.9,Bergen County,-73.997794,40.923481,0203
Paterson City,1608,3403157000,City,159732,18376,8.7,Passaic County,-74.168246,40.91518,1608
River Edge Borough,0252,3400363360,Borough,12049,6405,1.9,Bergen County,-74.040658,40.926332,0252
Hope Township,2111,3404133060,Township,1835,100,18.3,Warren County,-74.979181,40.902413,2111
Prospect Park Borough,1610,3403161170,Borough,6372,13560,0.5,Passaic County,-74.174711,40.938168,1610
Haledon Borough,1603,3403129070,Borough,9052,7442,1.2,Passaic County,-74.187528,40.935139,1603
New Milford Borough,0238,3400351660,Borough,16923,7293,2.3,Bergen County,-74.021089,40.933024,0238
Fair Lawn Borough,0217,3400322470,Borough,34927,6692,5.2,Bergen County,-74.117217,40.936428,0217
Cresskill Borough,0208,3400315820,Borough,9155,4417,2.1,Bergen County,-73.95878,40.940322,0208
Dumont Borough,0210,3400318400,Borough,17863,9130,2,Bergen County,-73.99326,40.945336,0210
Allamuchy Township,2101,3404100670,Township,5335,263,20.3,Warren County,-74.833309,40.920394,2101
Demarest Borough,0209,3400317530,Borough,4981,2396,2.1,Bergen County,-73.951071,40.954336,0209
Oradell Borough,0244,3400354990,Borough,8244,3223,2.6,Bergen County,-74.033591,40.956333,0244
Haworth Borough,0226,3400330540,Borough,3343,1425,2.3,Bergen County,-73.998556,40.963154,0226
Glen Rock Borough,0222,3400326640,Borough,12133,4466,2.7,Bergen County,-74.124511,40.960499,0222
North Haledon Borough,1606,3403153040,Borough,8927,2531,3.5,Passaic County,-74.18315,40.966103,1606
Paramus Borough,0246,3400355950,Borough,26698,2543,10.5,Bergen County,-74.069401,40.944644,0246
Hawthorne Borough,1604,3403130570,Borough,19637,5838,3.4,Passaic County,-74.155566,40.959129,1604
Closter Borough,0207,3400313810,Borough,8594,2607,3.3,Bergen County,-73.968895,40.97094,0207
Emerson Borough,0214,3400321450,Borough,7290,3015,2.4,Bergen County,-74.018388,40.974628,0214
Knowlton Township,2113,3404137320,Township,2894,114,25.4,Warren County,-75.051166,40.923164,2113
Hopatcong Borough,1912,3403732910,Borough,14362,1156,12.4,Sussex County,-74.662007,40.954759,1912
Andover Borough,1901,3403701330,Borough,595,437,1.4,Sussex County,-74.743865,40.981417,1901
Westwood Borough,0267,3400380270,Borough,11282,4902,2.3,Bergen County,-74.026527,40.986662,0267
Washington Township,0266,3400377135,Township,9285,3094,3,Bergen County,-74.063726,40.985691,0266
Green Township,1908,3403727420,Township,3627,223,16.3,Sussex County,-74.787147,40.96462,1908
Alpine Borough,0202,3400301090,Borough,1762,275,6.4,Bergen County,-73.927385,40.961693,0202
Harrington Park Borough,0224,3400330150,Borough,4741,2300,2.1,Bergen County,-73.977682,40.990575,0224
Ridgewood Village,0251,3400363000,Village,25979,4479,5.8,Bergen County,-74.110505,40.981421,0251
Midland Park Borough,0235,3400346110,Borough,7014,4436,1.6,Bergen County,-74.141368,40.994985,0235
Ho-Ho-Kus Borough,0228,3400332310,Borough,4258,2433,1.8,Bergen County,-74.097062,40.999064,0228
Norwood Borough,0241,3400353610,Borough,5641,2015,2.8,Bergen County,-73.949177,40.99385,0241
Wayne Township,1614,3403177840,Township,54838,2179,25.2,Passaic County,-74.237478,40.948406,1614
Rockleigh Borough,0255,3400364170,Borough,407,403,1,Bergen County,-73.932464,41.002967,0255
Frelinghuysen Township,2106,3404125320,Township,2199,92,23.9,Warren County,-74.886547,40.963211,2106
Hillsdale Borough,0227,3400331920,Borough,10143,3457,2.9,Bergen County,-74.048734,41.007471,0227
Waldwick Borough,0264,3400376400,Borough,10058,4863,2.1,Bergen County,-74.127084,41.013862,0264
Northvale Borough,0240,3400353430,Borough,4761,3775,1.3,Bergen County,-73.948143,41.008936,0240
Wyckoff Township,0270,3400383050,Township,16585,2495,6.6,Bergen County,-74.172538,40.997897,0270
Old Tappan Borough,0243,3400354870,Borough,5888,1415,4.2,Bergen County,-73.982924,41.016752,0243
Blairstown Township,2104,3404106160,Township,5704,185,30.8,Warren County,-75.002238,40.983973,2104
Franklin Lakes Borough,0220,3400324990,Borough,11079,1121,9.9,Bergen County,-74.210526,41.011776,0220
River Vale Township,0253,3400363690,Township,9909,2297,4.3,Bergen County,-74.012838,41.013848,0253
Allendale Borough,0201,3400300700,Borough,6848,2198,3.1,Bergen County,-74.133354,41.033616,0201
Woodcliff Lake Borough,0268,3400382300,Borough,6128,1728,3.5,Bergen County,-74.062023,41.029804,0268
Park Ridge Borough,0247,3400356130,Borough,8883,3380,2.6,Bergen County,-74.041966,41.03461,0247
Saddle River Borough,0258,3400365400,Borough,3372,680,5,Bergen County,-74.095774,41.027714,0258
Oakland Borough,0242,3400353850,Borough,12748,1454,8.8,Bergen County,-74.24013,41.030821,0242
Bloomingdale Borough,1601,3403106340,Borough,7777,841,9.2,Passaic County,-74.336439,41.033778,1601
Fredon Township,1907,3403725140,Township,3235,181,17.9,Sussex County,-74.813951,41.03213,1907
Montvale Borough,0236,3400347610,Borough,8436,2092,4,Bergen County,-74.053731,41.053463,0236
Ramsey Borough,0248,3400361680,Borough,14798,2656,5.6,Bergen County,-74.146891,41.059272,0248
Andover Township,1902,3403701360,Township,5996,288,20.8,Sussex County,-74.729204,41.027198,1902
Upper Saddle River Borough,0263,3400375140,Borough,8353,1585,5.3,Bergen County,-74.098271,41.064973,0263
Ogdensburg Borough,1916,3403754660,Borough,2258,1005,2.2,Sussex County,-74.595036,41.077158,1916
Hardwick Township,2109,3404129820,Township,1598,41,39,Warren County,-74.934687,41.030351,2109
Sparta Township,1918,3403769690,Township,19600,505,38.8,Sussex County,-74.611773,41.055267,1918
Mahwah Township,0233,3400342750,Township,25487,985,25.9,Bergen County,-74.190266,41.0779,0233
Franklin Borough,1906,3403724930,Borough,4912,1110,4.4,Sussex County,-74.59126,41.110973,1906
Branchville Borough,1903,3403707300,Borough,791,1320,0.6,Sussex County,-74.751861,41.147497,1903
Hamburg Borough,1909,3403729220,Borough,3266,2797,1.2,Sussex County,-74.574473,41.148381,1909
Lafayette Township,1913,3403737440,Township,2358,131,18,Sussex County,-74.688585,41.107531,1913
Ringwood Borough,1611,3403163150,Borough,11735,412,28.5,Passaic County,-74.266461,41.119021,1611
Walpack Township,1923,3403776640,Township,7,0,24.9,Sussex County,-74.893304,41.13504,1923
Sussex Borough,1921,3403771670,Borough,2024,3246,0.6,Sussex County,-74.607893,41.209407,1921
Frankford Township,1905,3403724810,Township,5302,150,35.3,Sussex County,-74.733814,41.166258,1905
Sandyston Township,1917,3403765700,Township,1977,47,42.1,Sussex County,-74.796271,41.21314,1917
Wantage Township,1924,3403776790,Township,10811,160,67.5,Sussex County,-74.624507,41.248554,1924
Bradley Beach Borough,1308,3402506970,Borough,4282,6630,0.6,Monmouth County,-74.012542,40.201866,1308
Hillside Township,2007,3403931980,Township,22456,8073,2.8,Union County,-74.224351,40.693239,2007
Irvington Township,0709,3401334450,Township,61176,20991,2.9,Essex County,-74.232209,40.725923,0709
Newark City,0714,3401351000,City,311549,11884,26.2,Essex County,-74.166352,40.731027,0714
Jersey City,0906,3401736000,City,292449,18440,15.9,Hudson County,-74.069405,40.717816,0906
Newton Town,1915,3403751930,Town,8374,2477,3.4,Sussex County,-74.752289,41.054111,1915
Hampton Township,1910,3403729490,Township,4893,192,25.5,Sussex County,-74.781143,41.104412,1910
Stillwater Township,1920,3403770890,Township,4004,142,28.2,Sussex County,-74.869861,41.082856,1920
Kingwood Township,1016,3401937065,Township,3802,107,35.6,Hunterdon County,-75.016584,40.486451,1016
Readington Township,1022,3401962250,Township,16128,337,47.8,Hunterdon County,-74.776331,40.585847,1022
Long Hill Township,1430,3402741362,Township,8629,716,12.1,Morris County,-74.49065,40.682916,1430
Chatham Township,1405,3402712130,Township,10983,1175,9.3,Morris County,-74.42518,40.729758,1405
Madison Borough,1417,3402742510,Borough,16937,3917,4.3,Morris County,-74.416767,40.758724,1417
Harding Township,1413,3402729700,Township,3871,188,20.6,Morris County,-74.502111,40.743595,1413
Mendham Borough,1418,3402745330,Borough,4981,833,6,Morris County,-74.599246,40.769277,1418
Chester Borough,1406,3402712580,Borough,1681,1055,1.6,Morris County,-74.692359,40.786242,1406
Morristown Town,1424,3402748300,Town,20180,6714,3,Morris County,-74.477692,40.799272,1424
Mendham Township,1419,3402745360,Township,6016,334,18,Morris County,-74.564304,40.778731,1419
East Hanover Township,1410,3402719210,Township,11105,1371,8.1,Morris County,-74.359605,40.821126,1410
Washington Township,1438,3402777240,Township,18197,405,44.9,Morris County,-74.808698,40.784912,1438
Morris Plains Borough,1423,3402748210,Borough,6153,2377,2.6,Morris County,-74.4782,40.836482,1423
Victory Gardens Borough,1437,3402775890,Borough,1582,10902,0.1,Morris County,-74.543885,40.876278,1437
Randolph Township,1432,3402761890,Township,26504,1253,21.2,Morris County,-74.585723,40.844273,1432
Mountain Lakes Borough,1425,3402748480,Borough,4472,1538,2.9,Morris County,-74.442123,40.890766,1425
Rockaway Borough,1434,3402764050,Borough,6598,3112,2.1,Morris County,-74.512834,40.897644,1434
Wharton Borough,1439,3402780390,Borough,7241,3401,2.1,Morris County,-74.582353,40.90055,1439
Boonton Town,1401,3402706610,Town,8815,3548,2.5,Morris County,-74.405518,40.905223,1401
Mount Olive Township,1427,3402749080,Township,28886,925,31.2,Morris County,-74.747599,40.863163,1427
Denville Township,1408,3402717650,Township,17107,1343,12.7,Morris County,-74.49292,40.884329,1408
Roxbury Township,1436,3402764980,Township,22950,1046,21.9,Morris County,-74.655009,40.882679,1436
Mount Arlington Borough,1426,3402748690,Borough,5909,2107,2.8,Morris County,-74.638612,40.917167,1426
Lincoln Park Borough,1416,3402740290,Borough,10915,1578,6.9,Morris County,-74.303897,40.923904,1416
Boonton Township,1402,3402706640,Township,4380,516,8.5,Morris County,-74.428447,40.930476,1402
Montville Township,1421,3402747670,Township,22450,1175,19.1,Morris County,-74.355635,40.901681,1421
Pequannock Township,1431,3402758110,Township,15571,2191,7.1,Morris County,-74.305125,40.962537,1431
Butler Borough,1403,3402709040,Borough,8047,3906,2.1,Morris County,-74.343399,40.999058,1403
Rockaway Township,1435,3402764080,Township,25341,552,45.9,Morris County,-74.492212,40.961265,1435
Jefferson Township,1414,3402734980,Township,20538,481,42.7,Morris County,-74.563398,40.99377,1414
Absecon City,0101,3400100100,City,9137,1264,7.2,Atlantic County,-74.490791,39.418056,0101
Branchburg Township,1805,3403507180,Township,14940,737,20.3,Somerset County,-74.700273,40.568877,1805
Pleasantville City,0119,3400159640,City,20629,2840,7.3,Atlantic County,-74.533872,39.387979,0119
Egg Harbor Township,0108,3400120290,Township,47842,633,75.5,Atlantic County,-74.645709,39.379959,0108
Teterboro Borough,0262,3400372480,Borough,61,55,1.1,Bergen County,-74.05826,40.859748,0262
Egg Harbor City,0107,3400120350,City,4396,385,11.4,Atlantic County,-74.607768,39.559127,0107
Hammonton Town,0113,3400129430,Town,14711,356,41.3,Atlantic County,-74.770337,39.655138,0113
Mullica Township,0117,3400149410,Township,5816,102,56.8,Atlantic County,-74.678984,39.609113,0117
Bernards Township,1802,3403505560,Township,27830,1144,24.3,Somerset County,-74.563265,40.676171,1802
Wall Township,1352,3402576460,Township,26525,837,31.7,Monmouth County,-74.085413,40.174639,1352
Manasquan Borough,1329,3402543050,Borough,5938,3790,1.6,Monmouth County,-74.042331,40.116825,1329
Aberdeen Township,1301,3402500070,Township,19329,3424,5.6,Monmouth County,-74.21705,40.417482,1301
Woodbridge Township,1225,3402382000,Township,103639,4316,24,Middlesex County,-74.291929,40.547274,1225
Stow Creek Township,0612,3401171160,Township,1312,70,18.9,Cumberland County,-75.337256,39.463499,0612
Fairfield Township,0605,3401122350,Township,5546,128,43.5,Cumberland County,-75.271982,39.364326,0605
Maurice River Township,0609,3401144580,Township,6218,65,95.2,Cumberland County,-74.935181,39.314655,0609
Pittsgrove Township,1711,3403359130,Township,8777,192,45.7,Salem County,-75.130933,39.528246,1711
Netcong Borough,1428,3402750130,Borough,3375,3530,1,Morris County,-74.699313,40.899389,1428
Voorhees Township,0434,3400776220,Township,31069,2672,11.6,Camden County,-74.937733,39.84175,0434
Evesham Township,0313,3400522110,Township,46826,1583,29.6,Burlington County,-74.889452,39.83671,0313
Florham Park Borough,1411,3402723910,Borough,12585,1685,7.5,Morris County,-74.388176,40.773956,1411
New Hanover Township,0325,3400551510,Township,6367,282,22.6,Burlington County,-74.577268,40.025598,0325
Galloway Township,0111,3400125560,Township,37813,340,111.3,Atlantic County,-74.45984,39.486267,0111
Wildwood City,0514,3400981170,City,5157,3120,1.7,Cape May County,-74.817256,38.986692,0514
Medford Township,0320,3400545120,Township,24497,615,39.8,Burlington County,-74.839991,39.860649,0320
Riverdale Borough,1433,3402763300,Borough,4107,1987,2.1,Morris County,-74.311688,40.99259,1433
Kinnelon Borough,1415,3402737110,Borough,9966,518,19.2,Morris County,-74.394188,40.987604,1415
Highlands Borough,1319,3402531500,Borough,4621,5398,0.9,Monmouth County,-73.985873,40.399909,1319
Atlantic Highlands Borough,1305,3402502110,Borough,4414,3570,1.2,Monmouth County,-74.025604,40.410906,1305
Chatham Borough,1404,3402712100,Borough,9212,3867,2.4,Morris County,-74.384004,40.739704,1404
Neptune Township,1335,3402549890,Township,28061,3187,8.8,Monmouth County,-74.055932,40.207953,1335
Montague Township,1914,3403747430,Township,3792,81,46.6,Sussex County,-74.751334,41.289811,1914
Pompton Lakes Borough,1609,3403160090,Borough,11127,3559,3.1,Passaic County,-74.28761,41.001521,1609
Wanaque Borough,1613,3403176730,Borough,11317,1214,9.3,Passaic County,-74.291921,41.042188,1613
Woodland Park Borough,1616,3403182423,Borough,13484,4391,3.1,Passaic County,-74.199011,40.890178,1616
Clifton City,1602,3403113690,City,90296,7902,11.4,Passaic County,-74.170056,40.859755,1602
Hardyston Township,1911,3403729850,Township,8125,249,32.6,Sussex County,-74.539709,41.125811,1911
West Milford Township,1615,3403179460,Township,24862,306,81.1,Passaic County,-74.399911,41.107381,1615
Vernon Township,1922,3403775740,Township,22358,320,69.9,Sussex County,-74.477031,41.194838,1922
Monroe Township,1212,3402347280,Township,48594,1152,42.2,Middlesex County,-74.41928,40.319568,1212
Hanover Township,1412,3402729550,Township,14677,1366,10.7,Morris County,-74.43176,40.817654,1412
Parsippany-Troy Hills Township,1429,3402756460,Township,56162,2215,25.4,Morris County,-74.4214,40.863556,1429
Morris Township,1422,3402748090,Township,22974,1453,15.8,Morris County,-74.520821,40.798796,1422
Dover Town,1409,3402718070,Town,18460,6774,2.7,Morris County,-74.556767,40.888463,1409
Mine Hill Township,1420,3402746860,Township,4015,1340,3,Morris County,-74.595177,40.88172,1420
Chester Township,1407,3402712610,Township,7713,264,29.2,Morris County,-74.666706,40.780334,1407
Mantoloking Borough,1520,3402943380,Borough,331,524,0.6,Ocean County,-74.05061,40.042377,1520
Newfield Borough,0813,3401551390,Borough,1774,1021,1.7,Gloucester County,-75.015094,39.543949,0813
Elk Township,0804,3401521060,Township,4424,229,19.3,Gloucester County,-75.149935,39.664823,0804
Monroe Township,0811,3401547250,Township,37117,791,46.9,Gloucester County,-74.963457,39.652254,0811
Franklin Township,0805,3401524840,Township,16380,290,56.4,Gloucester County,-75.010972,39.590748,0805
Clayton Borough,0801,3401513360,Borough,8807,1215,7.2,Gloucester County,-75.078954,39.660166,0801
Glassboro Borough,0806,3401526340,Borough,23149,2466,9.4,Gloucester County,-75.119571,39.70413,0806
Pitman Borough,0815,3401559070,Borough,8780,3878,2.3,Gloucester County,-75.130942,39.734225,0815
Mantua Township,0810,3401543440,Township,15235,949,16.1,Gloucester County,-75.166435,39.757028,0810
South Harrison Township,0816,3401569030,Township,3395,213,15.9,Gloucester County,-75.260671,39.699818,0816
Harrison Township,0808,3401530180,Township,13641,716,19,Gloucester County,-75.204488,39.724204,0808
Swedesboro Borough,0817,3401571850,Borough,2711,3509,0.8,Gloucester County,-75.310531,39.744255,0817
Woolwich Township,0824,3401582840,Township,12577,588,21.4,Gloucester County,-75.348458,39.741144,0824
Paulsboro Borough,0814,3401557150,Borough,6196,2353,2.6,Gloucester County,-75.238107,39.839035,0814
National Park Borough,0812,3401549680,Borough,3026,2090,1.4,Gloucester County,-75.188062,39.868378,0812
Westville Borough,0821,3401580120,Borough,4264,3122,1.4,Gloucester County,-75.127152,39.871905,0821
Washington Township,0818,3401577180,Township,48677,2259,21.5,Gloucester County,-75.076083,39.756293,0818
Gloucester Township,0415,3400726760,Township,66034,2836,23.3,Camden County,-75.047702,39.789104,0415
Wenonah Borough,0819,3401578110,Borough,2283,2262,1,Gloucester County,-75.150799,39.791698,0819
Woodbury Heights Borough,0823,3401582180,Borough,3098,2471,1.3,Gloucester County,-75.150493,39.816431,0823
East Greenwich Township,0803,3401519180,Township,11706,785,14.9,Gloucester County,-75.240028,39.792113,0803
Greenwich Township,0807,3401528185,Township,4917,422,11.7,Gloucester County,-75.278749,39.822154,0807
Woodbury City,0822,3401582120,City,9963,4733,2.1,Gloucester County,-75.155276,39.839423,0822
West Deptford Township,0820,3401578800,Township,22197,1248,17.8,Gloucester County,-75.196198,39.839485,0820
Deptford Township,0802,3401517710,Township,31977,1821,17.6,Gloucester County,-75.11185,39.816102,0802
Little Egg Harbor Township,1517,3402940560,Township,20784,281,74,Ocean County,-74.350013,39.628975,1517
Stafford Township,1531,3402970320,Township,28617,523,54.7,Ocean County,-74.251747,39.706075,1531
Eagleswood Township,1509,3402918670,Township,1722,91,18.9,Ocean County,-74.287787,39.651587,1509
Carneys Point Township,1702,3403310610,Township,8637,488,17.7,Salem County,-75.45545,39.706297,1702
Phillipsburg Town,2119,3404158350,Town,15249,4588,3.3,Warren County,-75.181189,40.686239,2119
Pohatcong Township,2120,3404159820,Township,3241,236,13.7,Warren County,-75.151552,40.63939,2120
Mansfield Township,2116,3404143320,Township,7781,262,29.7,Warren County,-74.913524,40.805003,2116
White Township,2123,3404180570,Township,4606,166,27.8,Warren County,-75.03404,40.822226,2123
Franklin Township,2105,3404124960,Township,2968,126,23.5,Warren County,-75.04659,40.71428,2105
Harmony Township,2110,3404130090,Township,2503,104,24.1,Warren County,-75.126347,40.754627,2110
Washington Township,2122,3404177300,Township,6492,360,18.1,Warren County,-74.953268,40.752745,2122
Pennsauken Township,0427,3400757660,Township,37074,3061,12.1,Camden County,-75.049105,39.960769,0427
Collingswood Borough,0412,3400714260,Borough,14186,7334,1.9,Camden County,-75.074117,39.915266,0412
Camden City,0408,3400710000,City,71791,6857,10.5,Camden County,-75.111586,39.933923,0408
Washington Borough,2121,3404177270,Borough,7299,3702,2,Warren County,-74.983026,40.756373,2121
Watchung Borough,1821,3403577600,Borough,6449,1067,6,Somerset County,-74.434597,40.642639,1821
Scotch Plains Township,2016,3403966060,Township,24968,2757,9.1,Union County,-74.367914,40.639883,2016
East Newark Borough,0902,3401719360,Borough,2594,22980,0.1,Hudson County,-74.161536,40.750757,0902
Harrison Town,0904,3401730210,Town,19450,14677,1.3,Hudson County,-74.153651,40.743902,0904
Weehawken Township,0911,3401777930,Township,17197,21529,0.8,Hudson County,-74.019834,40.768939,0911
Secaucus Town,0909,3401766570,Town,22181,3380,6.6,Hudson County,-74.07243,40.778378,0909
Union City,0910,3401774630,City,68589,53284,1.3,Hudson County,-74.036002,40.766518,0910
Guttenberg Town,0903,3401728650,Town,12017,62262,0.2,Hudson County,-74.006248,40.793492,0903
Fairview Borough,0218,3400322560,Borough,15025,17760,0.8,Bergen County,-74.002684,40.817736,0218
Cliffside Park Borough,0206,3400313570,Borough,25693,26890,1,Bergen County,-73.986482,40.820553,0206
North Bergen Township,0908,3401752470,Township,63361,12009,5.3,Hudson County,-74.028863,40.790571,0908
Edgewater Borough,0213,3400320020,Borough,14336,14774,1,Bergen County,-73.975917,40.824176,0213
Dunellen Borough,1203,3402318490,Borough,7637,7190,1.1,Middlesex County,-74.464908,40.590251,1203
Middlesex Borough,1210,3402345900,Borough,14636,4171,3.5,Middlesex County,-74.50019,40.57422,1210
Highland Park Borough,1207,3402331470,Borough,15072,8248,1.8,Middlesex County,-74.425542,40.501575,1207
Edison Township,1205,3402320230,Township,107588,3510,30.6,Middlesex County,-74.394675,40.537361,1205
Metuchen Borough,1209,3402345690,Borough,15049,5310,2.8,Middlesex County,-74.363252,40.543441,1209
Middle Township,0506,3400945810,Township,20380,247,82.4,Cape May County,-74.831519,39.085344,0506
