County,County code,Region,Population (2020),People per square mile (2020),Area,Longitude,Latitude,Atlas ID
Atlantic County,001,Coastal,274534,450,610.6,-74.682876,39.510347,34001
Bergen County,003,Northeastern,955732,3985,239.8,-74.032388,40.947594,34003
Burlington County,005,Southern,461860,563,820.2,-74.679683,39.859457,34005
Camden County,007,Southern,523485,2301,227.5,-74.989938,39.802638,34007
Cape May County,009,Coastal,95263,333,286.1,-74.799501,39.126462,34009
Cumberland County,011,Southern,154152,307,501.8,-75.123901,39.372655,34011
Essex County,013,Northeastern,863728,6657,129.7,-74.255116,40.791445,34013
Gloucester County,015,Southern,302294,900,336.1,-75.145816,39.701258,34015
Hudson County,017,Northeastern,724854,14066,51.5,-74.074091,40.733692,34017
Hunterdon County,019,Central,128947,295,437.3,-74.912942,40.563431,34019
Mercer County,021,Central,387340,1693,228.8,-74.682365,40.28047,34021
Middlesex County,023,Central,863162,2723,317,-74.401178,40.430176,34023
Monmouth County,025,Coastal,643615,1325,485.7,-74.18884,40.278865,34025
Morris County,027,Northeastern,509285,1058,481.4,-74.571973,40.867268,34027
Ocean County,029,Coastal,637229,841,757.9,-74.254612,39.831048,34029
Passaic County,031,Northeastern,524118,2641,198.5,-74.308213,41.011609,34031
Salem County,033,Southern,64837,187,347.1,-75.303587,39.583992,34033
Somerset County,035,Central,345361,1133,304.9,-74.625229,40.565904,34035
Sussex County,037,Northwestern,144221,269,535.3,-74.7013,41.128395,34037
Union County,039,Northeastern,575345,5460,105.4,-74.270325,40.665627,34039
Warren County,041,Northwestern,109632,302,362.6,-74.960202,40.843094,34041
